1;0;AD;Andorra;EUR;84000;AN;20;42.65604389629997;42.42849259876837;1.7865427778319827;1.4071867141112762;Andorra la Vella;Europe;EU;468.0;ca-AD;ca-AD;AND;3041565
2;0;AE;United Arab Emirates;AED;4975593;AE;784;26.08415985107422;22.633329391479492;56.38166046142578;51.58332824707031;Abu Dhabi;Asia;AS;82880.0;ar-AE|fa-AE|en-AE|hi-AE|ur-AE;ar-AE;ARE;290557
3;0;AF;Afghanistan;AFN;29121286;AF;4;38.483418;29.377472;74.879448;60.478443;Kabul;Asia;AS;647500.0;fa-AF|ps-AF|uz-AF|tk-AF;fa-AF;AFG;1149361
4;0;AG;Antigua and Barbuda;XCD;86754;AC;28;17.729387;16.996979;-61.672421;-61.906425;St. John's;North America;NA;443.0;en-AG;en-AG;ATG;3576396
5;0;AI;Anguilla;XCD;13254;AV;660;18.283424;18.166815;-62.971359;-63.172901;The Valley;North America;NA;102.0;en-AI;en-AI;AIA;3573511
6;0;AL;Albania;ALL;2986952;AL;8;42.665611;39.648361;21.068472;19.293972;Tirana;Europe;EU;28748.0;sq-AL|el-AL;sq-AL;ALB;783754
7;0;AM;Armenia;AMD;2968000;AM;51;41.301834;38.830528;46.772435045159995;43.44978;Yerevan;Asia;AS;29800.0;hy-AM;hy-AM;ARM;174982
8;0;AO;Angola;AOA;13068161;AO;24;-4.376826;-18.042076;24.082119;11.679219;Luanda;Africa;AF;1246700.0;pt-AO;pt-AO;AGO;3351879
9;0;AQ;Antarctica;;0;AY;10;-60.515533;-89.9999;179.9999;-179.9999;;Antarctica;AN;1.4E7;0;0;ATA;6697173
10;0;AR;Argentina;ARS;41343201;AR;32;-21.781277;-55.061314;-53.591835;-73.58297;Buenos Aires;South America;SA;2766890.0;es-AR|en-AR|it-AR|de-AR|fr-AR|gn-AR;es-AR;ARG;3865483
11;0;AS;American Samoa;USD;57881;AQ;16;-11.0497;-14.382478;-169.416077;-171.091888;Pago Pago;Oceania;OC;199.0;en-AS|sm-AS|to-AS;en-AS;ASM;5880801
12;0;AT;Austria;EUR;8205000;AU;40;49.017056;46.378029;17.162722;9.535916;Vienna;Europe;EU;83858.0;de-AT|hr-AT|hu-AT|sl-AT;de-AT;AUT;2782113
13;0;AU;Australia;AUD;21515754;AS;36;-10.062805;-43.64397;153.639252;112.911057;Canberra;Oceania;OC;7686850.0;en-AU;en-AU;AUS;2077456
14;0;AW;Aruba;AWG;71566;AA;533;12.623718127152925;12.411707706190716;-69.86575120104982;-70.0644737196045;Oranjestad;North America;NA;193.0;nl-AW|es-AW|en-AW;nl-AW;ABW;3577279
15;0;AX;Åland Islands;EUR;26711;;248;60.488861;59.90675;21.011862;19.317694;Mariehamn;Europe;EU;;sv-AX;sv-AX;ALA;661882
16;0;AZ;Azerbaijan;AZN;8303512;AJ;31;41.90564;38.38915252685547;50.370083;44.774113;Baku;Asia;AS;86600.0;a-AZz|ru-AZ|hy-AZ;az-AZ;AZE;587116
17;0;BA;Bosnia and Herzegovina;BAM;4590000;BK;70;45.239193;42.546112;19.622223;15.718945;Sarajevo;Europe;EU;51129.0;bs-BA|hr-BA|sr-BA;bs-BA;BIH;3277605
18;0;BB;Barbados;BBD;285653;BB;52;13.327257;13.039844;-59.420376;-59.648922;Bridgetown;North America;NA;431.0;en-BB;en-BB;BRB;3374084
19;0;BD;Bangladesh;BDT;156118464;BG;50;26.631945;20.743334;92.673668;88.028336;Dhaka;Asia;AS;144000.0;bn-BD|en-BD;bn-BD;BGD;1210997
20;0;BE;Belgium;EUR;10403000;BE;56;51.505444;49.49361;6.403861;2.546944;Brussels;Europe;EU;30510.0;nl-BE|fr-BE|de-BE;nl-BE;BEL;2802361
21;0;BF;Burkina Faso;XOF;16241811;UV;854;15.082593;9.401108;2.405395;-5.518916;Ouagadougou;Africa;AF;274200.0;fr-BF;fr-BF;BFA;2361809
22;0;BG;Bulgaria;BGN;7148785;BU;100;44.21764;41.242084;28.612167;22.371166;Sofia;Europe;EU;110910.0;bg-BG|tr-BG;bg-BG;BGR;732800
23;0;BH;Bahrain;BHD;738004;BA;48;26.282583;25.796862;50.664471;50.45414;Manama;Asia;AS;665.0;ar-BH|en-BH|fa-BH|ur-BH;ar-BH;BHR;290291
24;0;BI;Burundi;BIF;9863117;BY;108;-2.310123;-4.465713;30.847729;28.993061;Bujumbura;Africa;AF;27830.0;fr-BI|rn-BI;fr-BI;BDI;433561
25;0;BJ;Benin;XOF;9056010;BN;204;12.418347;6.225748;3.851701;0.774575;Porto-Novo;Africa;AF;112620.0;fr-BJ;fr-BJ;BEN;2395170
26;0;BL;Saint Barthélemy;EUR;8450;TB;652;17.928808791949283;17.878183227405575;-62.788983372985854;-62.8739118253784;Gustavia;North America;NA;21.0;fr-BL;fr-BL;BLM;3578476
27;0;BM;Bermuda;BMD;65365;BD;60;32.393833;32.246639;-64.651993;-64.89605;Hamilton;North America;NA;53.0;en-BM|pt-BM;en-BM;BMU;3573345
28;0;BN;Brunei;BND;395027;BX;96;5.047167;4.003083;115.359444;114.071442;Bandar Seri Begawan;Asia;AS;5770.0;ms-BN|en-BN;ms-BN;BRN;1820814
29;0;BO;Bolivia;BOB;9947418;BL;68;-9.680567;-22.896133;-57.45809600000001;-69.640762;Sucre;South America;SA;1098580.0;es-BO|qu-BO|ay-BO;es-BO;BOL;3923057
30;0;BQ;Bonaire;USD;18012;;535;12.304535;12.017149;-68.192307;-68.416458;;North America;NA;;nl-BQ|pap-BQ|en-BQ;nl-BQ;BES;7626844
31;0;BR;Brazil;BRL;201103330;BR;76;5.264877;-33.750706;-32.392998;-73.985535;Brasília;South America;SA;8511965.0;pt-BR|es-BR|en-BR|fr-BR;pt-BR;BRA;3469034
32;0;BS;Bahamas;BSD;301790;BF;44;26.919243;22.852743;-74.423874;-78.995911;Nassau;North America;NA;13940.0;en-BS;en-BS;BHS;3572887
33;0;BT;Bhutan;BTN;699847;BT;64;28.323778;26.70764;92.125191;88.75972;Thimphu;Asia;AS;47000.0;dz-BT;dz-BT;BTN;1252634
34;0;BV;Bouvet Island;NOK;0;BV;74;-54.400322;-54.462383;3.487976;3.335499;;Antarctica;AN;;0;0;BVT;3371123
35;0;BW;Botswana;BWP;2029307;BC;72;-17.780813;-26.907246;29.360781;19.999535;Gaborone;Africa;AF;600370.0;en-BW|tn-BW;en-BW;BWA;933860
36;0;BY;Belarus;BYR;9685000;BO;112;56.165806;51.256416;32.770805;23.176889;Minsk;Europe;EU;207600.0;be-BY|ru-BY;be-BY;BLR;630336
37;0;BZ;Belize;BZD;314522;BH;84;18.496557;15.8893;-87.776985;-89.224815;Belmopan;North America;NA;22966.0;en-BZ|es-BZ;en-BZ;BLZ;3582678
38;0;CA;Canada;CAD;33679000;CA;124;83.110626;41.67598;-52.636291;-141;Ottawa;North America;NA;9984670.0;en-CA|fr-CA|iu-CA;en-CA;CAN;6251999
39;0;CC;Cocos [Keeling] Islands;AUD;628;CK;166;-12.072459094;-12.208725839;96.929489344;96.816941408;West Island;Asia;AS;14.0;ms-CC|ens-CC;ms-CC;CCK;1547376
40;0;CD;Democratic Republic of the Congo;CDF;70916439;CG;180;5.386098;-13.455675;31.305912;12.204144;Kinshasa;Africa;AF;2345410.0;fr-CD|ln-CD|kg-CD;fr-CD;COD;203312
41;0;CF;Central African Republic;XAF;4844927;CT;140;11.007569;2.220514;27.463421;14.420097;Bangui;Africa;AF;622984.0;fr-CF|sg-CF|ln-CF|kg-CF;fr-CF;CAF;239880
42;0;CG;Republic of the Congo;XAF;3039126;CF;178;3.703082;-5.027223;18.649839;11.205009;Brazzaville;Africa;AF;342000.0;fr-CG|kg-CG|ln-CG;fr-CG;COG;2260494
43;0;CH;Switzerland;CHF;7581000;SZ;756;47.805332;45.825695;10.491472;5.957472;Berne;Europe;EU;41290.0;de-CH|fr-CH|it-CH|rm;de-CH;CHE;2658434
44;0;CI;Ivory Coast;XOF;21058798;IV;384;10.736642;4.357067;-2.494897;-8.599302;Yamoussoukro;Africa;AF;322460.0;fr-CI;fr-CI;CIV;2287781
45;0;CK;Cook Islands;NZD;21388;CW;184;-10.023114;-21.944164;-157.312134;-161.093658;Avarua;Oceania;OC;240.0;en-CK|mi-CK;en-CK;COK;1899402
46;0;CL;Chile;CLP;16746491;CI;152;-17.507553;-55.916348;-66.417557;-80.785851;Santiago;South America;SA;756950.0;es-CL;es-CL;CHL;3895114
47;0;CM;Cameroon;XAF;19294149;CM;120;13.078056;1.652548;16.192116;8.494763;Yaoundé;Africa;AF;475440.0;en-CM|fr-CM;en-CM;CMR;2233387
48;0;CN;China;CNY;1330044000;CH;156;53.56086;15.775416;134.773911;73.557693;Beijing;Asia;AS;9596960.0;zh-CN|yue-CN|wuu-CN|dta-CN|ug-CN;zh-CN;CHN;1814991
49;0;CO;Colombia;COP;44205293;CO;170;13.380502;-4.225869;-66.869835;-81.728111;Bogotá;South America;SA;1138910.0;es-CO;es-CO;COL;3686110
50;0;CR;Costa Rica;CRC;4516220;CS;188;11.216819;8.032975;-82.555992;-85.950623;San José;North America;NA;51100.0;es-CR|en;es-CR;CRI;3624060
51;0;CU;Cuba;CUP;11423000;CU;192;23.226042;19.828083;-74.131775;-84.957428;Havana;North America;NA;110860.0;es-CU;es-CU;CUB;3562981
52;0;CV;Cape Verde;CVE;508659;CV;132;17.197178;14.808022;-22.669443;-25.358747;Praia;Africa;AF;4033.0;pt-CV;pt-CV;CPV;3374766
53;0;CW;Curacao;ANG;141766;UC;531;12.385672;12.032745;-68.733948;-69.157204;Willemstad;North America;NA;;nl-CW|pap-CW;nl-CW;CUW;7626836
54;0;CX;Christmas Island;AUD;1500;KT;162;-10.412356007;-10.5704829995;105.712596992;105.533276992;The Settlement;Asia;AS;135.0;en|zh|ms-CC;en-CX;CXR;2078138
55;0;CY;Cyprus;EUR;1102677;CY;196;35.701527;34.6332846722908;34.59791599999994;32.27308300000004;Nicosia;Europe;EU;9250.0;el-CY|tr-CY|en-CY;el-CY;CYP;146669
56;0;CZ;Czech Republic;CZK;10476000;EZ;203;51.058887;48.542915;18.860111;12.096194;Prague;Europe;EU;78866.0;cs-CZ|sk-CZ;cs-CZ;CZE;3077311
57;0;DE;Germany;EUR;81802257;GM;276;55.055637;47.275776;15.039889;5.865639;Berlin;Europe;EU;357021.0;de-DE;de-DE;DEU;2921044
58;0;DJ;Djibouti;DJF;740528;DJ;262;12.706833;10.909917;43.416973;41.773472;Djibouti;Africa;AF;23000.0;fr-DJ|ar-DJ|so-DJ|aa-DJ;fr-DJ;DJI;223816
59;0;DK;Denmark;DKK;5484000;DA;208;57.748417;54.562389;15.158834;8.075611;Copenhagen;Europe;EU;43094.0;da-DK|en|fo|de-DK;da-DK;DNK;2623032
60;0;DM;Dominica;XCD;72813;DO;212;15.631809;15.20169;-61.244152;-61.484108;Roseau;North America;NA;754.0;en-DM;en-DM;DMA;3575830
61;0;DO;Dominican Republic;DOP;9823821;DR;214;19.929859;17.543159;-68.32;-72.003487;Santo Domingo;North America;NA;48730.0;es-DO;es-DO;DOM;3508796
62;0;DZ;Algeria;DZD;34586184;AG;12;37.093723;18.960028;11.979548;-8.673868;Algiers;Africa;AF;2381740.0;ar-DZ;ar-DZ;DZA;2589581
63;0;EC;Ecuador;USD;14790608;EC;218;1.43902;-4.998823;-75.184586;-81.078598;Quito;South America;SA;283560.0;es-EC;es-EC;ECU;3658394
64;0;EE;Estonia;EUR;1291170;EN;233;59.676224;57.516193;28.209972;21.837584;Tallinn;Europe;EU;45226.0;et-EE|ru-EE;et-EE;EST;453733
65;0;EG;Egypt;EGP;80471869;EG;818;31.667334;21.725389;35.794861;24.698111;Cairo;Africa;AF;1001450.0;ar-EG|en-EG|fr-EG;ar-EG;EGY;357994
66;0;EH;Western Sahara;MAD;273008;WI;732;27.669674;20.774158;-8.670276;-17.103182;El Aaiún;Africa;AF;266000.0;ar-EH|mey-EH;ar-EH;ESH;2461445
67;0;ER;Eritrea;ERN;5792984;ER;232;18.003084;12.359555;43.13464;36.438778;Asmara;Africa;AF;121320.0;aa-ER|ar-ER|tig-ER|kun-ER|ti-ER;aa-ER;ERI;338010
68;0;ES;Spain;EUR;46505963;SP;724;43.791721;36.000332;4.315389;-9.290778;Madrid;Europe;EU;504782.0;es-ES|ca-ES|gl-ES|eu-ES|oc-ES;es-ES;ESP;2510769
69;0;ET;Ethiopia;ETB;88013491;ET;231;14.89375;3.402422;47.986179;32.999939;Addis Ababa;Africa;AF;1127127.0;am-ET|en-ET|om-ET|ti-ET|so-ET|sid-ET;am-ET;ETH;337996
70;0;FI;Finland;EUR;5244000;FI;246;70.096054;59.808777;31.580944;20.556944;Helsinki;Europe;EU;337030.0;fi-FI|sv-FI|smn-FI;fi-FI;FIN;660013
71;0;FJ;Fiji;FJD;875983;FJ;242;-12.480111;-20.67597;-178.424438;177.129334;Suva;Oceania;OC;18270.0;en-FJ|fj-FJ;en-FJ;FJI;2205218
72;0;FK;Falkland Islands;FKP;2638;FK;238;-51.24065;-52.360512;-57.712486;-61.345192;Stanley;South America;SA;12173.0;en-FK;en-FK;FLK;3474414
73;0;FM;Micronesia;USD;107708;FM;583;10.08904;1.02629;163.03717;137.33648;Palikir;Oceania;OC;702.0;en-FM|chk-FM|pon-FM|yap-FM|kos-FM|uli-FM|woe-FM;en-FM;FSM;2081918
74;0;FO;Faroe Islands;DKK;48228;FO;234;62.400749;61.394943;-6.399583;-7.458;Tórshavn;Europe;EU;1399.0;fo-FO|da-FO;fo-FO;FRO;2622320
75;0;FR;France;EUR;64768389;FR;250;51.092804;41.371582;9.561556;-5.142222;Paris;Europe;EU;547030.0;fr-FR|frp-FR|br-FR|co-FR|ca-FR|eu-FR|oc-FR;fr-FR;FRA;3017382
76;0;GA;Gabon;XAF;1545255;GB;266;2.322612;-3.978806;14.502347;8.695471;Libreville;Africa;AF;267667.0;fr-GA;fr-GA;GAB;2400553
77;0;GB;United Kingdom;GBP;62348447;UK;826;59.360249;49.906193;1.759;-8.623555;London;Europe;EU;244820.0;en-GB|cy-GB|gd;en-GB;GBR;2635167
78;0;GD;Grenada;XCD;107818;GJ;308;12.318283928171299;11.986893;-61.57676970108031;-61.802344;St. George's;North America;NA;344.0;en-GD;en-GD;GRD;3580239
79;0;GE;Georgia;GEL;4630000;GG;268;43.586498;41.053196;46.725971;40.010139;Tbilisi;Asia;AS;69700.0;ka-GE|ru-GE|hy-GE|az-GE;ka-GE;GEO;614540
80;0;GF;French Guiana;EUR;195506;FG;254;5.776496;2.127094;-51.613949;-54.542511;Cayenne;South America;SA;91000.0;fr-GF;fr-GF;GUF;3381670
81;0;GG;Guernsey;GBP;65228;GK;831;49.731727816705416;49.40764156876899;-2.1577152112246267;-2.673194593476069;St Peter Port;Europe;EU;78.0;en-GG|fr-GG;en-GG;GGY;3042362
82;0;GH;Ghana;GHS;24339838;GH;288;11.173301;4.736723;1.191781;-3.25542;Accra;Africa;AF;239460.0;en-GH|ak-GH|ee-GH|tw-GH;en-GH;GHA;2300660
83;0;GI;Gibraltar;GIP;27884;GI;292;36.155439135670726;36.10903070140248;-5.338285164001491;-5.36626149743654;Gibraltar;Europe;EU;6.5;en-GI|es-GI|it-GI|pt-GI;en-GI;GIB;2411586
84;0;GL;Greenland;DKK;56375;GL;304;83.627357;59.777401;-11.312319;-73.04203;Nuuk;North America;NA;2166086.0;kl-GL|da-GL|en-GL;kl-GL;GRL;3425505
85;0;GM;Gambia;GMD;1593256;GA;270;13.826571;13.064252;-13.797793;-16.825079;Banjul;Africa;AF;11300.0;en-GM|mnk-GM|wof-GM|wo-GM|ff-GM;en-GM;GMB;2413451
86;0;GN;Guinea;GNF;10324025;GV;324;12.67622;7.193553;-7.641071;-14.926619;Conakry;Africa;AF;245857.0;fr-GN;fr-GN;GIN;2420477
87;0;GP;Guadeloupe;EUR;443000;GP;312;16.516848;15.867565;-61;-61.544765;Basse-Terre;North America;NA;1780.0;fr-GP;fr-GP;GLP;3579143
88;0;GQ;Equatorial Guinea;XAF;1014999;EK;226;2.346989;0.92086;11.335724;9.346865;Malabo;Africa;AF;28051.0;es-GQ|fr-GQ;es-GQ;GNQ;2309096
89;0;GR;Greece;EUR;11000000;GR;300;41.7484999849641;34.8020663391466;28.2470831714347;19.3736035624134;Athens;Europe;EU;131940.0;el-GR|en-GR|fr-GR;el-GR;GRC;390903
90;0;GS;South Georgia and the South Sandwich Islands;GBP;30;SX;239;-53.970467;-59.479259;-26.229326;-38.021175;Grytviken;Antarctica;AN;3903.0;en-GS;en-GS;SGS;3474415
91;0;GT;Guatemala;GTQ;13550440;GT;320;17.81522;13.737302;-88.223198;-92.23629;Guatemala City;North America;NA;108890.0;es-GT;es-GT;GTM;3595528
92;0;GU;Guam;USD;159358;GQ;316;13.654402;13.23376;144.956894;144.61806;Hagåtña;Oceania;OC;549.0;en-GU|ch-GU;en-GU;GUM;4043988
93;0;GW;Guinea-Bissau;XOF;1565126;PU;624;12.680789;10.924265;-13.636522;-16.717535;Bissau;Africa;AF;36120.0;pt-GW|pov-GW;pt-GW;GNB;2372248
94;0;GY;Guyana;GYD;748486;GY;328;8.557567;1.17508;-56.480251;-61.384762;Georgetown;South America;SA;214970.0;en-GY;en-GY;GUY;3378535
95;0;HK;Hong Kong;HKD;6898686;HK;344;22.559778;22.15325;114.434753;113.837753;Hong Kong;Asia;AS;1092.0;zh-HK|yue-HK|zh-HK|en-HK;zh-HK;HKG;1819730
96;0;HM;Heard Island and McDonald Islands;AUD;0;HM;334;-52.909416;-53.192001;73.859146;72.596535;;Antarctica;AN;412.0;0;0;HMD;1547314
97;0;HN;Honduras;HNL;7989415;HO;340;16.510256;12.982411;-83.155403;-89.350792;Tegucigalpa;North America;NA;112090.0;es-HN;es-HN;HND;3608932
98;0;HR;Croatia;HRK;4491000;HR;191;46.53875;42.43589;19.427389;13.493222;Zagreb;Europe;EU;56542.0;hr-HR|sr-HR;hr-HR;HRV;3202326
99;0;HT;Haiti;HTG;9648924;HA;332;20.08782;18.021032;-71.613358;-74.478584;Port-au-Prince;North America;NA;27750.0;ht-HT|fr-HT;ht-HT;HTI;3723988
100;0;HU;Hungary;HUF;9982000;HU;348;48.585667;45.74361;22.906;16.111889;Budapest;Europe;EU;93030.0;hu-HU;hu-HU;HUN;719819
101;0;ID;Indonesia;IDR;242968342;ID;360;5.904417;-10.941861;141.021805;95.009331;Jakarta;Asia;AS;1919440.0;id-ID|en-ID|nl-ID|jv-ID;id-ID;IDN;1643084
102;0;IE;Ireland;EUR;4622917;EI;372;55.387917;51.451584;-6.002389;-10.478556;Dublin;Europe;EU;70280.0;en-IE|ga-IE;en-IE;IRL;2963597
103;0;IL;Israel;ILS;7353985;IS;376;33.340137;29.496639;35.876804;34.270278754419145;;Asia;AS;20770.0;he-IL|ar-IL|en-IL;he-IL;ISR;294640
104;0;IM;Isle of Man;GBP;75049;IM;833;54.419724;54.055916;-4.3115;-4.798722;Douglas;Europe;EU;572.0;en-IM|gv-IM;en-IM;IMN;3042225
105;0;IN;India;INR;1173108018;IN;356;35.504223;6.747139;97.403305;68.186691;New Delhi;Asia;AS;3287590.0;en-IN|hi-IN|bn-IN|te-IN|mr-IN|ta-IN|ur-IN|gu-IN|kn-IN;en-IN;IND;1269750
106;0;IO;British Indian Ocean Territory;USD;4000;IO;86;-5.268333;-7.438028;72.493164;71.259972;;Asia;AS;60.0;en-IO;en-IO;IOT;1282588
107;0;IQ;Iraq;IQD;29671605;IZ;368;37.378029;29.069445;48.575916;38.795887;Baghdad;Asia;AS;437072.0;ar-IQ|ku-IQ|hy-IQ;ar-IQ;IRQ;99237
108;0;IR;Iran;IRR;76923300;IR;364;39.777222;25.064083;63.317471;44.047279;Tehran;Asia;AS;1648000.0;fa-IR|ku-IR|tu-IR;fa-IR;IRN;130758
109;0;IS;Iceland;ISK;308910;IC;352;66.53463;63.393253;-13.495815;-24.546524;Reykjavik;Europe;EU;103000.0;is-IS|en-IS|de-IS|da-IS|sv-IS|no-IS;is-IS;ISL;2629691
110;0;IT;Italy;EUR;60340328;IT;380;47.095196;36.652779;18.513445;6.614889;Rome;Europe;EU;301230.0;it-IT|de-IT|fr-IT|sc-IT|ca-IT|co-IT|sl-IT;it-IT;ITA;3175395
111;0;JE;Jersey;GBP;90812;JE;832;49.265057;49.169834;-2.022083;-2.260028;Saint Helier;Europe;EU;116.0;en|pt;en-JE;JEY;3042142
112;0;JM;Jamaica;JMD;2847232;JM;388;18.526976;17.703554;-76.180321;-78.366638;Kingston;North America;NA;10991.0;en-JM;en-JM;JAM;3489940
113;0;JO;Jordan;JOD;6407085;JO;400;33.367668;29.185888;39.301167;34.959999;Amman;Asia;AS;92300.0;ar-JO|en-JO;ar-JO;JOR;248816
114;0;JP;Japan;JPY;127288000;JA;392;45.52314;24.249472;145.820892;122.93853;Tokyo;Asia;AS;377835.0;ja-JP;ja-JP;JPN;1861060
115;0;KE;Kenya;KES;40046566;KE;404;5.019938;-4.678047;41.899078;33.908859;Nairobi;Africa;AF;582650.0;en-KE|sw-KE;en-KE;KEN;192950
116;0;KG;Kyrgyzstan;KGS;5508626;KG;417;43.238224;39.172832;80.283165;69.276611;Bishkek;Asia;AS;198500.0;ky-KG|uz-KG|ru-KG;ky-KG;KGZ;1527747
117;0;KH;Cambodia;KHR;14453680;CB;116;14.686417;10.409083;107.627724;102.339996;Phnom Penh;Asia;AS;181040.0;km-KH|fr-KH|en-KH;km-KH;KHM;1831722
118;0;KI;Kiribati;AUD;92533;KR;296;4.71957;-11.437038;-150.215347;169.556137;Tarawa;Oceania;OC;811.0;en-KI|gil-KI;en-KI;KIR;4030945
119;0;KM;Comoros;KMF;773407;CN;174;-11.362381;-12.387857;44.538223;43.21579;Moroni;Africa;AF;2170.0;ar-KM|fr-KM;ar-KM;COM;921929
120;0;KN;Saint Kitts and Nevis;XCD;51134;SC;659;17.420118;17.095343;-62.543266;-62.86956;Basseterre;North America;NA;261.0;en-KN;en-KN;KNA;3575174
121;0;KP;North Korea;KPW;22912177;KN;408;43.006054;37.673332;130.674866;124.315887;Pyongyang;Asia;AS;120540.0;ko-KP;ko-KP;PRK;1873107
122;0;KR;South Korea;KRW;48422644;KS;410;38.612446;33.190945;129.584671;125.887108;Seoul;Asia;AS;98480.0;ko-KR|en-KR;ko-KR;KOR;1835841
123;0;KW;Kuwait;KWD;2789132;KU;414;30.095945;28.524611;48.431473;46.555557;Kuwait City;Asia;AS;17820.0;ar-KW|en-KW;ar-KW;KWT;285570
124;0;KY;Cayman Islands;KYD;44270;CJ;136;19.7617;19.263029;-79.727272;-81.432777;George Town;North America;NA;262.0;en-KY;en-KY;CYM;3580718
125;0;KZ;Kazakhstan;KZT;15340000;KZ;398;55.451195;40.936333;87.312668;46.491859;Astana;Asia;AS;2717300.0;kk-KZ|ru-KZ;kk-KZ;KAZ;1522867
126;0;LA;Laos;LAK;6368162;LA;418;22.500389;13.910027;107.697029;100.093056;Vientiane;Asia;AS;236800.0;lo-LA|fr-LA|en-LA;lo-LA;LAO;1655842
127;0;LB;Lebanon;LBP;4125247;LE;422;34.691418;33.05386;36.639194;35.114277;Beirut;Asia;AS;10400.0;ar-LB|fr-LB|en-LB|hy-LB;ar-LB;LBN;272103
128;0;LC;Saint Lucia;XCD;160922;ST;662;14.103245;13.704778;-60.874203;-61.07415;Castries;North America;NA;616.0;en-LC;en-LC;LCA;3576468
129;0;LI;Liechtenstein;CHF;35000;LS;438;47.273529;47.055862;9.632195;9.477805;Vaduz;Europe;EU;160.0;de-LI;de-LI;LIE;3042058
130;0;LK;Sri Lanka;LKR;21513990;CE;144;9.831361;5.916833;81.881279;79.652916;Colombo;Asia;AS;65610.0;si-LK|ta-LK|en-LK;si-LK;LKA;1227603
131;0;LR;Liberia;LRD;3685076;LI;430;8.551791;4.353057;-7.365113;-11.492083;Monrovia;Africa;AF;111370.0;en-LR;en-LR;LBR;2275384
132;0;LS;Lesotho;LSL;1919552;LT;426;-28.572058;-30.668964;29.465761;27.029068;Maseru;Africa;AF;30355.0;en-LS|st-LS|zu-LS|xh-LS;en-LS;LSO;932692
133;0;LT;Lithuania;LTL;3565000;LH;440;56.446918;53.901306;26.871944;20.941528;Vilnius;Europe;EU;65200.0;lt-LT|ru-LT|pl-LT;lt-LT;LTU;597427
134;0;LU;Luxembourg;EUR;497538;LU;442;50.184944;49.446583;6.528472;5.734556;Luxembourg;Europe;EU;2586.0;lb-LU|de-LU|fr-LU;lb-LU;LUX;2960313
135;0;LV;Latvia;EUR;2217969;LG;428;58.082306;55.668861;28.241167;20.974277;Riga;Europe;EU;64589.0;lv-LV|ru-LV|lt-LV;lv-LV;LVA;458258
136;0;LY;Libya;LYD;6461454;LY;434;33.168999;19.508045;25.150612;9.38702;Tripoli;Africa;AF;1759540.0;ar-LY|it-LY|en-LY;ar-LY;LBY;2215636
137;0;MA;Morocco;MAD;31627428;MO;504;35.9224966985384;27.662115;-0.991750000000025;-13.168586;Rabat;Africa;AF;446550.0;ar-MA|fr-MA;ar-MA;MAR;2542007
138;0;MC;Monaco;EUR;32965;MN;492;43.75196717037228;43.72472839869377;7.439939260482788;7.408962249755859;Monaco;Europe;EU;1.95;fr-MC|en-MC|it-MC;fr-MC;MCO;2993457
139;0;MD;Moldova;MDL;4324000;MD;498;48.490166;45.468887;30.135445;26.618944;Chişinău;Europe;EU;33843.0;ro-MD|ru-MD|gag-MD|tr-MD;ro-MD;MDA;617790
140;0;ME;Montenegro;EUR;666730;MJ;499;43.570137;41.850166;20.358833;18.461306;Podgorica;Europe;EU;14026.0;sr-ME|hu-ME|bs-ME|sq-ME|hr-ME|rom-ME;sr-ME;MNE;3194884
141;0;MF;Saint Martin;EUR;35925;RN;663;18.130354;18.052231;-63.012993;-63.152767;Marigot;North America;NA;53.0;fr-MF;fr-MF;MAF;3578421
142;0;MG;Madagascar;MGA;21281844;MA;450;-11.945433;-25.608952;50.48378;43.224876;Antananarivo;Africa;AF;587040.0;fr-MG|mg-MG;fr-MG;MDG;1062947
143;0;MH;Marshall Islands;USD;65859;RM;584;14.62;5.587639;171.931808;165.524918;Majuro;Oceania;OC;181.3;mh-MH|en-MH;mh-MH;MHL;2080185
144;0;MK;Macedonia;MKD;2062294;MK;807;42.361805;40.860195;23.038139;20.464695;Skopje;Europe;EU;25333.0;mk-MK|sq-MK|tr-MK|rmm-MK|sr-MK;mk-MK;MKD;718075
145;0;ML;Mali;XOF;13796354;ML;466;25.000002;10.159513;4.244968;-12.242614;Bamako;Africa;AF;1240000.0;fr-ML|bm-ML;fr-ML;MLI;2453866
146;0;MM;Myanmar [Burma];MMK;53414374;BM;104;28.543249;9.784583;101.176781;92.189278;Nay Pyi Taw;Asia;AS;678500.0;my-MM;my-MM;MMR;1327865
147;0;MN;Mongolia;MNT;3086918;MG;496;52.154251;41.567638;119.924309;87.749664;Ulan Bator;Asia;AS;1565000.0;mn-MN|ru-MN;mn-MN;MNG;2029969
148;0;MO;Macao;MOP;449198;MC;446;22.222334;22.180389;113.565834;113.528946;Macao;Asia;AS;254.0;zh-MO|pt-MO;zh-MO;MAC;1821275
149;0;MP;Northern Mariana Islands;USD;53883;CQ;580;20.55344;14.11023;146.06528;144.88626;Saipan;Oceania;OC;477.0;fil-MP|tl-MP|zh-MP|ch-MP|en-MP;fi-MP;MNP;4041468
150;0;MQ;Martinique;EUR;432900;MB;474;14.878819;14.392262;-60.81551;-61.230118;Fort-de-France;North America;NA;1100.0;fr-MQ;fr-MQ;MTQ;3570311
151;0;MR;Mauritania;MRO;3205060;MR;478;27.298073;14.715547;-4.827674;-17.066521;Nouakchott;Africa;AF;1030700.0;ar-MR|fuc-MR|snk-MR|fr-MR|mey-MR|wo-MR;ar-MR;MRT;2378080
152;0;MS;Montserrat;XCD;9341;MH;500;16.824060205313184;16.674768935441556;-62.144100129608205;-62.24138237036129;Plymouth;North America;NA;102.0;en-MS;en-MS;MSR;3578097
153;0;MT;Malta;EUR;403000;MT;470;36.079112527087844;35.810276;14.577639;14.184376415657312;Valletta;Europe;EU;316.0;mt-MT|en-MT;mt-MT;MLT;2562770
154;0;MU;Mauritius;MUR;1294104;MP;480;-10.319255;-20.525717;63.500179;56.512718;Port Louis;Africa;AF;2040.0;en-MU|bho-MU|fr-MU;en-MU;MUS;934292
155;0;MV;Maldives;MVR;395650;MV;462;7.091587495414767;-0.692694;73.637276;72.693222;Malé;Asia;AS;300.0;dv-MV|en-MV;dv-MV;MDV;1282028
156;0;MW;Malawi;MWK;15447500;MI;454;-9.367541;-17.125;35.916821;32.67395;Lilongwe;Africa;AF;118480.0;ny-MW|yao-MW|tum-MW|swk-MW;ny-MW;MWI;927384
157;0;MX;Mexico;MXN;112468855;MX;484;32.716759;14.532866;-86.703392;-118.453949;Mexico City;North America;NA;1972550.0;es-MX;es-MX;MEX;3996063
158;0;MY;Malaysia;MYR;28274729;MY;458;7.363417;0.855222;119.267502;99.643448;Kuala Lumpur;Asia;AS;329750.0;ms-MY|en-MY|zh-MY|ta-MY|te-MY|ml-MY|pa-MY|th-MY;ms-MY;MYS;1733045
159;0;MZ;Mozambique;MZN;22061451;MZ;508;-10.471883;-26.868685;40.842995;30.217319;Maputo;Africa;AF;801590.0;pt-MZ|vmw-MZ;pt-MZ;MOZ;1036973
160;0;NA;Namibia;NAD;2128471;WA;516;-16.959894;-28.97143;25.256701;11.71563;Windhoek;Africa;AF;825418.0;en-NA|af-NA|de-NA|hz-NA|naq-NA;en-NA;NAM;3355338
161;0;NC;New Caledonia;XPF;216494;NC;540;-19.549778;-22.698;168.129135;163.564667;Noumea;Oceania;OC;19060.0;fr-NC;fr-NC;NCL;2139685
162;0;NE;Niger;XOF;15878271;NG;562;23.525026;11.696975;15.995643;0.16625;Niamey;Africa;AF;1267000.0;fr-NE|ha-NE|kr-NE|dje-NE;fr-NE;NER;2440476
163;0;NF;Norfolk Island;AUD;1828;NF;574;-28.995170686948427;-29.063076742954735;167.99773740209957;167.91543230151365;Kingston;Oceania;OC;34.6;en-NF;en-NF;NFK;2155115
164;0;NG;Nigeria;NGN;154000000;NI;566;13.892007;4.277144;14.680073;2.668432;Abuja;Africa;AF;923768.0;en-NG|ha-NG|yo-NG|ig-NG|ff-NG;en-NG;NGA;2328926
165;0;NI;Nicaragua;NIO;5995928;NU;558;15.025909;10.707543;-82.738289;-87.690308;Managua;North America;NA;129494.0;es-NI|en-NI;es-NI;NIC;3617476
166;0;NL;Netherlands;EUR;16645000;NL;528;53.512196;50.753918;7.227944;3.362556;Amsterdam;Europe;EU;41526.0;nl-NL|fy-NL;nl-NL;NLD;2750405
167;0;NO;Norway;NOK;5009150;NO;578;71.18811;57.977917;31.078052520751953;4.650167;Oslo;Europe;EU;324220.0;no-NO|nb-NO|nn-NO|se-NO|fi-NO;no-NO;NOR;3144096
168;0;NP;Nepal;NPR;28951852;NP;524;30.43339;26.356722;88.199333;80.056274;Kathmandu;Asia;AS;140800.0;ne-NP|en-NP;ne-NP;NPL;1282988
169;0;NR;Nauru;AUD;10065;NR;520;-0.504306;-0.552333;166.945282;166.899033;;Oceania;OC;21.0;na-NR|en-NR;na-NR;NRU;2110425
170;0;NU;Niue;NZD;2166;NE;570;-18.951069;-19.152193;-169.775177;-169.951004;Alofi;Oceania;OC;260.0;niu-NU|en-NU;ni-NU;NIU;4036232
171;0;NZ;New Zealand;NZD;4252277;NZ;554;-34.389668;-47.286026;-180;166.7155;Wellington;Oceania;OC;268680.0;en-NZ|mi-NZ;en-NZ;NZL;2186224
172;0;OM;Oman;OMR;2967717;MU;512;26.387972;16.64575;59.836582;51.882;Muscat;Asia;AS;212460.0;ar-OM|en-OM|bal-OM|ur-OM;ar-OM;OMN;286963
173;0;PA;Panama;PAB;3410676;PM;591;9.637514;7.197906;-77.17411;-83.051445;Panama City;North America;NA;78200.0;es-PA|en-PA;es-PA;PAN;3703430
174;0;PE;Peru;PEN;29907003;PE;604;-0.012977;-18.349728;-68.677986;-81.326744;Lima;South America;SA;1285220.0;es-PE|qu-PE|ay-PE;es-PE;PER;3932488
175;0;PF;French Polynesia;XPF;270485;FP;258;-7.903573;-27.653572;-134.929825;-152.877167;Papeete;Oceania;OC;4167.0;fr-PF|ty-PF;fr-PF;PYF;4030656
176;0;PG;Papua New Guinea;PGK;6064515;PP;598;-1.318639;-11.657861;155.96344;140.842865;Port Moresby;Oceania;OC;462840.0;en-PG|ho-PG|meu-PG|tpi-PG;en-PG;PNG;2088628
177;0;PH;Philippines;PHP;99900177;RP;608;21.120611;4.643306;126.601524;116.931557;Manila;Asia;AS;300000.0;tl-PH|en-PH|fil-PH;tl-PH;PHL;1694008
178;0;PK;Pakistan;PKR;184404791;PK;586;37.097;23.786722;77.840919;60.878613;Islamabad;Asia;AS;803940.0;ur-PK|en-PK|pa-PK|sd-PK|ps-PK|brh-PK;ur-PK;PAK;1168579
179;0;PL;Poland;PLN;38500000;PL;616;54.839138;49.006363;24.150749;14.123;Warsaw;Europe;EU;312685.0;pl-PL;pl-PL;POL;798544
180;0;PM;Saint Pierre and Miquelon;EUR;7012;SB;666;47.146286;46.786041;-56.252991;-56.420658;Saint-Pierre;North America;NA;242.0;fr-PM;fr-PM;SPM;3424932
181;0;PN;Pitcairn Islands;NZD;46;PC;612;-24.315865;-24.672565;-124.77285;-128.346436;Adamstown;Oceania;OC;47.0;en-PN;en-PN;PCN;4030699
182;0;PR;Puerto Rico;USD;3916632;RQ;630;18.520166;17.926405;-65.242737;-67.942726;San Juan;North America;NA;9104.0;en-PR|es-PR;en-PR;PRI;4566966
183;0;PS;Palestine;ILS;3800000;WE;275;32.54638671875;31.216541290283203;35.5732955932617;34.21665954589844;;Asia;AS;5970.0;ar-PS;ar-PS;PSE;6254930
184;0;PT;Portugal;EUR;10676000;PO;620;42.145638;36.96125;-6.182694;-9.495944;Lisbon;Europe;EU;92391.0;pt-PT|mwl-PT;pt-PT;PRT;2264397
185;0;PW;Palau;USD;19907;PS;585;8.46966;2.8036;134.72307;131.11788;Melekeok - Palau State Capital;Oceania;OC;458.0;pau-PW|sov-PW|en-PW|tox-PW|ja-PW|fil-PW|zh-PW;pa-PW;PLW;1559582
186;0;PY;Paraguay;PYG;6375830;PA;600;-19.294041;-27.608738;-54.259354;-62.647076;Asunción;South America;SA;406750.0;es-PY|gn-PY;es-PY;PRY;3437598
187;0;QA;Qatar;QAR;840926;QA;634;26.154722;24.482944;51.636639;50.757221;Doha;Asia;AS;11437.0;ar-QA|es-QA;ar-QA;QAT;289688
188;0;RE;Réunion;EUR;776948;RE;638;-20.868391324576944;-21.383747301469107;55.838193901930026;55.21219224792685;Saint-Denis;Africa;AF;2517.0;fr-RE;fr-RE;REU;935317
189;0;RO;Romania;RON;21959278;RO;642;48.266945;43.627304;29.691055;20.269972;Bucharest;Europe;EU;237500.0;ro-RO|hu-RO|rom-RO;ro-RO;ROU;798549
190;0;RS;Serbia;RSD;7344847;RI;688;46.18138885498047;42.232215881347656;23.00499725341797;18.817020416259766;Belgrade;Europe;EU;88361.0;sr-RS|hu-RS|bs-RS|rom-RS;sr-RS;SRB;6290252
191;0;RU;Russia;RUB;140702000;RS;643;81.857361;41.188862;-169.05;19.25;Moscow;Europe;EU;1.71E7;ru-RU|tt-RU|xal-RU|cau-RU|ady-RU|kv-RU|ce-RU|tyv-RU|cv-RU;ru-RU;RUS;2017370
192;0;RW;Rwanda;RWF;11055976;RW;646;-1.053481;-2.840679;30.895958;28.856794;Kigali;Africa;AF;26338.0;rw-RW|en-RW|fr-RW|sw-RW;rw-RW;RWA;49518
193;0;SA;Saudi Arabia;SAR;25731776;SA;682;32.158333;15.61425;55.666584;34.495693;Riyadh;Asia;AS;1960582.0;ar-SA;ar-SA;SAU;102358
194;0;SB;Solomon Islands;SBD;559198;BP;90;-6.589611;-11.850555;166.980865;155.508606;Honiara;Oceania;OC;28450.0;en-SB|tpi-SB;en-SB;SLB;2103350
195;0;SC;Seychelles;SCR;88340;SE;690;-4.283717;-9.753867;56.279507;46.204769;Victoria;Africa;AF;455.0;en-SC|fr-SC;en-SC;SYC;241170
196;0;SD;Sudan;SDG;35000000;SU;729;22.232219696044922;8.684720993041992;38.60749816894531;21.827774047851562;Khartoum;Africa;AF;1861484.0;ar-SD|en-SD|fia-SD;ar-SD;SDN;366755
197;0;SE;Sweden;SEK;9555893;SW;752;69.0625;55.337112;24.156292483918484;11.118694;Stockholm;Europe;EU;449964.0;sv-SE|se-SE|sma-SE|fi-SE;sv-SE;SWE;2661886
198;0;SG;Singapore;SGD;4701069;SN;702;1.471278;1.258556;104.007469;103.638275;Singapore;Asia;AS;692.7;cmn-SG|en-SG|ms-SG|ta-SG|zh-SG;cm-SG;SGP;1880251
199;0;SH;Saint Helena;SHP;7460;SH;654;-7.887815;-16.019543;-5.638753;-14.42123;Jamestown;Africa;AF;410.0;en-SH;en-SH;SHN;3370751
200;0;SI;Slovenia;EUR;2007000;SI;705;46.8766275518195;45.421812998164;16.6106311807;13.3753342064709;Ljubljana;Europe;EU;20273.0;sl-SI|sh-SI;sl-SI;SVN;3190538
201;0;SJ;Svalbard and Jan Mayen;NOK;2550;SV;744;80.762085;79.220306;33.287334;17.699389;Longyearbyen;Europe;EU;62049.0;no-SJ|ru-SJ;no-SJ;SJM;607072
202;0;SK;Slovakia;EUR;5455000;LO;703;49.603168;47.728111;22.570444;16.84775;Bratislava;Europe;EU;48845.0;sk-SK|hu-SK;sk-SK;SVK;3057568
203;0;SL;Sierra Leone;SLL;5245695;SL;694;10;6.929611;-10.284238;-13.307631;Freetown;Africa;AF;71740.0;en-SL|men-SL|tem-SL;en-SL;SLE;2403846
204;0;SM;San Marino;EUR;31477;SM;674;43.99223730851663;43.8937092171425;12.51653186779788;12.403538978820734;San Marino;Europe;EU;61.2;it-SM;it-SM;SMR;3168068
205;0;SN;Senegal;XOF;12323252;SG;686;16.691633;12.307275;-11.355887;-17.535236;Dakar;Africa;AF;196190.0;fr-SN|wor-SN|fucr-SN|mnkr-SN;fr-SN;SEN;2245662
206;0;SO;Somalia;SOS;10112453;SO;706;11.979166;-1.674868;51.412636;40.986595;Mogadishu;Africa;AF;637657.0;so-SO|ar-SO|it-SO|en-SO;so-SO;SOM;51537
207;0;SR;Suriname;SRD;492829;NS;740;6.004546;1.831145;-53.977493;-58.086563;Paramaribo;South America;SA;163270.0;nl-SR|enl-SR|srnl-SR|hnsl-SR|jvl-SR;nl-SR;SUR;3382998
208;0;SS;South Sudan;SSP;8260490;OD;728;12.219148635864258;3.493394374847412;35.9405517578125;24.140274047851562;Juba;Africa;AF;644329.0;en-SS;en-SS;SSD;7909807
209;0;ST;São Tomé and Príncipe;STD;175808;TP;678;1.701323;0.024766;7.466374;6.47017;São Tomé;Africa;AF;1001.0;pt-ST;pt-ST;STP;2410758
210;0;SV;El Salvador;USD;6052064;ES;222;14.445067;13.148679;-87.692162;-90.128662;San Salvador;North America;NA;21040.0;es-SV;es-SV;SLV;3585968
211;0;SX;Sint Maarten;ANG;37429;NN;534;18.070248;18.011692;-63.012993;-63.144039;Philipsburg;North America;NA;;nl-SX|en-SX;nl-SX;SXM;7609695
212;0;SY;Syria;SYP;22198110;SY;760;37.319138;32.310665;42.385029;35.727222;Damascus;Asia;AS;185180.0;ar-SY|ku-SY|hy-SY|arc-SY|fr-SY|en-SY;ar-SY;SYR;163843
213;0;SZ;Swaziland;SZL;1354051;WZ;748;-25.719648;-27.317101;32.13726;30.794107;Mbabane;Africa;AF;17363.0;en-SZ|ss-SZ;en-SZ;SWZ;934841
214;0;TC;Turks and Caicos Islands;USD;20556;TK;796;21.961878;21.422626;-71.123642;-72.483871;Cockburn Town;North America;NA;430.0;en-TC;en-TC;TCA;3576916
215;0;TD;Chad;XAF;10543464;CD;148;23.450369;7.441068;24.002661;13.473475;N'Djamena;Africa;AF;1284000.0;fr-TD|ar-TD|sre-TD;fr-TD;TCD;2434508
216;0;TF;French Southern Territories;EUR;140;FS;260;-37.790722;-49.735184;77.598808;50.170258;Port-aux-Français;Antarctica;AN;7829.0;fr-TF;fr-TF;ATF;1546748
217;0;TG;Togo;XOF;6587239;TO;768;11.138977;6.104417;1.806693;-0.147324;Lomé;Africa;AF;56785.0;fr-TG|ee-TG|hna-TG|kbp-TG|dag-TG|ha-TG;fr-TG;TGO;2363686
218;0;TH;Thailand;THB;67089500;TH;764;20.463194;5.61;105.639389;97.345642;Bangkok;Asia;AS;514000.0;th-TH|en-TH;th-TH;THA;1605651
219;0;TJ;Tajikistan;TJS;7487489;TI;762;41.042252;36.674137;75.137222;67.387138;Dushanbe;Asia;AS;143100.0;tg-TJ|ru-TJ;tg-TJ;TJK;1220409
220;0;TK;Tokelau;NZD;1466;TL;772;-8.553613662719727;-9.381111145019531;-171.21142578125;-172.50033569335938;;Oceania;OC;10.0;tkl-TK|en-TK;tk-TK;TKL;4031074
221;0;TL;East Timor;USD;1154625;TT;626;-8.135833740234375;-9.463626861572266;127.30859375;124.04609680175781;Dili;Oceania;OC;15007.0;tet-TL|pt-TL|id-TL|en-TL;te-TL;TLS;1966436
222;0;TM;Turkmenistan;TMT;4940916;TX;795;42.795555;35.141083;66.684303;52.441444;Ashgabat;Asia;AS;488100.0;tk-TM|ru-TM|uz-TM;tk-TM;TKM;1218197
223;0;TN;Tunisia;TND;10589025;TS;788;37.543915;30.240417;11.598278;7.524833;Tunis;Africa;AF;163610.0;ar-TN|fr-TN;ar-TN;TUN;2464461
224;0;TO;Tonga;TOP;122580;TN;776;-15.562988;-21.455057;-173.907578;-175.682266;Nuku'alofa;Oceania;OC;748.0;to-TO|en-TO;to-TO;TON;4032283
225;0;TR;Turkey;TRY;77804122;TU;792;42.107613;35.815418;44.834999;25.668501;Ankara;Asia;AS;780580.0;tr-TR|ku-TR|diq-TR|az-TR|av-TR;tr-TR;TUR;298795
226;0;TT;Trinidad and Tobago;TTD;1228691;TD;780;11.338342;10.036105;-60.517933;-61.923771;Port of Spain;North America;NA;5128.0;en-TT|hns-TT|fr-TT|es-TT|zh-TT;en-TT;TTO;3573591
227;0;TV;Tuvalu;AUD;10472;TV;798;-5.641972;-10.801169;179.863281;176.064865;Funafuti;Oceania;OC;26.0;tvl-TV|en-TV|sm-TV|gil-TV;tv-TV;TUV;2110297
228;0;TW;Taiwan;TWD;22894384;TW;158;25.29825;21.901806;122.000443;119.534691;Taipei;Asia;AS;35980.0;zh-TW|zh-TW|nan-TW|hak-TW;zh-TW;TWN;1668284
229;0;TZ;Tanzania;TZS;41892895;TZ;834;-0.990736;-11.745696;40.443222;29.327168;Dodoma;Africa;AF;945087.0;sw-TZ|en-TZ|ar-TZ;sw-TZ;TZA;149590
230;0;UA;Ukraine;UAH;45415596;UP;804;52.369362;44.390415;40.20739;22.128889;Kyiv;Europe;EU;603700.0;uk-UA|ru-UA|rom-UA|pl-UA|hu-UA;uk-UA;UKR;690791
231;0;UG;Uganda;UGX;33398682;UG;800;4.214427;-1.48405;35.036049;29.573252;Kampala;Africa;AF;236040.0;en-UG|lg-UG|sw-UG|ar-UG;en-UG;UGA;226074
232;0;UM;U.S. Minor Outlying Islands;USD;0;;581;28.219814;-0.389006;166.654526;-177.392029;;Oceania;OC;0.0;en-UM;en-UM;UMI;5854968
233;0;US;United States;USD;310232863;US;840;49.388611;24.544245;-66.954811;-124.733253;Washington;North America;NA;9629091.0;en-US|es-US|haw-US|fr-US;en-US;USA;6252001
234;0;UY;Uruguay;UYU;3477000;UY;858;-30.082224;-34.980816;-53.073933;-58.442722;Montevideo;South America;SA;176220.0;es-UY;es-UY;URY;3439705
235;0;UZ;Uzbekistan;UZS;27865738;UZ;860;45.575001;37.184444;73.132278;55.996639;Tashkent;Asia;AS;447400.0;uz-UZ|ru-UZ|tg-UZ;uz-UZ;UZB;1512440
236;0;VA;Vatican City;EUR;921;VT;336;41.90743830885576;41.90027960306854;12.45837546629481;12.44570678169205;Vatican;Europe;EU;0.44;la-VA|it-VA|fr-VA;la-VA;VAT;3164670
237;0;VC;Saint Vincent and the Grenadines;XCD;104217;VC;670;13.377834;12.583984810969037;-61.11388;-61.46090317727658;Kingstown;North America;NA;389.0;en-VC|fr-VC;en-VC;VCT;3577815
238;0;VE;Venezuela;VEF;27223228;VE;862;12.201903;0.626311;-59.80378;-73.354073;Caracas;South America;SA;912050.0;es-VE;es-VE;VEN;3625428
239;0;VG;British Virgin Islands;USD;21730;VI;92;18.757221;18.383710898211305;-64.268768;-64.71312752730364;Road Town;North America;NA;153.0;en-VG;en-VG;VGB;3577718
240;0;VI;U.S. Virgin Islands;USD;108708;VQ;850;18.405957;17.673931;-64.565193;-65.085462;Charlotte Amalie;North America;NA;352.0;en-VI;en-VI;VIR;4796775
242;0;VN;Vietnam;VND;89571130;VM;704;23.388834;8.559611;109.464638;102.148224;Hanoi;Asia;AS;329560.0;vi-VN|en-VN|fr-VN|zh-VN|km-VN;vi-VN;VNM;1562822
243;0;VU;Vanuatu;VUV;221552;NH;548;-13.073444;-20.248945;169.904785;166.524979;Port Vila;Oceania;OC;12200.0;bi-VU|en-VU|fr-VU;bi-VU;VUT;2134431
244;0;WF;Wallis and Futuna;XPF;16025;WF;876;-13.216758181061444;-14.314559989820843;-176.16174317718253;-178.1848112896414;Mata-Utu;Oceania;OC;274.0;wls-WF|fud-WF|fr-WF;wl-WF;WLF;4034749
245;0;WS;Samoa;WST;192001;WS;882;-13.432207;-14.040939;-171.415741;-172.798599;Apia;Oceania;OC;2944.0;sm-WS|en-WS;sm-WS;WSM;4034894
246;0;XK;Kosovo;EUR;1800000;KV;0;43.2682495807952;41.856369601859925;21.80335088694943;19.977481504492914;Pristina;Europe;EU;;sq-XK|sr-XK;sq-XK;XKX;831053
247;0;YE;Yemen;YER;23495361;YM;887;18.9999989031009;12.1110910264462;54.5305388163283;42.5325394314234;Sanaa;Asia;AS;527970.0;ar-YE;ar-YE;YEM;69543
248;0;YT;Mayotte;EUR;159042;MF;175;-12.648891;-13.000132;45.29295;45.03796;Mamoutzou;Africa;AF;374.0;fr-YT;fr-YT;MYT;1024031
249;0;ZA;South Africa;ZAR;49000000;SF;710;-22.126612;-34.839828;32.895973;16.458021;Pretoria;Africa;AF;1219912.0;zu-ZA|xh-ZA|af-ZA|nso-ZA|en-ZA|tn-ZA|st-ZA|ts-ZA|ss-ZA;zu-ZA;ZAF;953987
250;0;ZM;Zambia;ZMK;13460305;ZA;894;-8.22436;-18.079473;33.705704;21.999371;Lusaka;Africa;AF;752614.0;en-ZM|bem-ZM|loz-ZM|lun-ZM|lue-ZM|ny-ZM|toi-ZM;en-ZM;ZMB;895949
251;0;ZW;Zimbabwe;ZWL;11651858;ZI;716;-15.608835;-22.417738;33.056305;25.237028;Harare;Africa;AF;390580.0;en-ZW|sn-ZW|nr-ZW|nd-ZW;en-ZW;ZWE;878675
